Country,longitude,latitude,country_alt_name,Country_cleaned_name,iso,country_affiliation,affiliation_iso,Region,Population,Area (sq. km.),Pop. Density (per sq. km.),Coastline (coast/area ratio),Net migration,Infant mortality (per 1000 births),GDP ($ per capita),Literacy (%),Phones (per 1000),Birthrate,Deathrate
South Sudan,6.877,31.307,South Sudan,South Sudan,SS,South Sudan,SS,SUB-SAHARAN AFRICA                 ,10507520,644329,16.3,0,-64.21,89.46,1600,34.5,143.9,36.58,18.74
Russia ,98.67049907,59.03943421,Russian Federation,Russia ,RU,Russian Federation,RU,C.W. OF IND. STATES ,142893540,17075200,8.4,0.22,1.02,15.39,8900,99.6,280.6,9.95,14.65
Poland ,19.43573279,52.06848056,Poland,Poland ,PL,Poland,PL,EASTERN EUROPE                     ,38536869,312685,123.3,0.16,-0.49,8.51,11100,99.8,306.3,9.85,9.89
Hungary ,19.39620048,47.22527332,Hungary,Hungary ,HU,Hungary,HU,EASTERN EUROPE                     ,9981334,93030,107.3,0,0.86,8.57,13900,99.4,336.2,9.72,13.11
Switzerland ,8.286928795,46.73678129,Switzerland,Switzerland ,CH,Switzerland,CH,WESTERN EUROPE                     ,7523934,41290,182.2,0,4.05,4.39,32700,99,680.9,9.71,8.49
Greece ,23.11036894,39.42012262,Greece,Greece ,GR,Greece,GR,WESTERN EUROPE                     ,10688058,131940,81,10.37,2.35,5.53,20000,97.5,589.7,9.68,10.24
Bulgaria ,25.25173912,42.82043677,Bulgaria,Bulgaria ,BG,Bulgaria,BG,EASTERN EUROPE                     ,7385367,110910,66.6,0.32,-4.58,20.55,7600,98.6,336.3,9.65,14.27
Croatia ,16.62576113,44.91192101,Croatia,Croatia ,HR,Croatia,HR,EASTERN EUROPE                     ,4494749,56542,79.5,10.32,1.58,6.84,10600,98.5,420.4,9.61,11.48
Japan ,137.4693423,36.76738833,Japan,Japan ,JP,Japan,JP,ASIA (EX. NEAR EAST)         ,127463611,377835,337.4,7.87,0,3.26,28200,99,461.2,9.37,9.16
Singapore ,103.8102576,1.352825189,Singapore,Singapore ,SG,Singapore,SG,ASIA (EX. NEAR EAST)         ,4492150,693,6482.2,27.85,11.53,2.29,23700,92.5,411.4,9.34,4.28
Jersey ,-2.129160116,49.21539693,Jersey,Jersey ,JE,United Kingdom,GB,WESTERN EUROPE                     ,91084,116,785.2,60.34,2.76,5.24,24800,79.3,811.3,9.3,9.28
Latvia ,24.69367133,56.81385305,Latvia,Latvia ,LV,Latvia,LV,BALTICS                            ,2274735,64589,35.2,0.82,-2.23,9.55,10200,99.8,321.4,9.24,13.66
Monaco ,7.412820873,43.74798225,Monaco,Monaco ,MC,Monaco,MC,WESTERN EUROPE                     ,32543,2,16271.5,205,7.75,5.43,27000,99,1035.6,9.19,12.91
Czech Republic ,15.38327329,49.74917371,Czech Republic,Czech Republic ,CZ,Czech Republic,CZ,EASTERN EUROPE                     ,10235455,78866,129.8,0,0.97,3.93,15700,99.9,314.3,9.02,10.59
Slovenia ,14.8906369,46.1375923,Slovenia,Slovenia ,SI,Slovenia,SI,EASTERN EUROPE                     ,2010347,20273,99.2,0.23,1.12,4.45,19000,99.7,406.1,8.98,10.31
Ukraine ,31.27377208,48.65753252,Ukraine,Ukraine ,UA,Ukraine,UA,C.W. OF IND. STATES ,46710816,603700,77.4,0.46,-0.39,20.34,5400,99.7,259.9,8.82,14.39
Guernsey ,-2.576392583,49.45870771,Guernsey,Guernsey,GG,United Kingdom,GB,WESTERN EUROPE                     ,65409,78,838.6,64.1,3.84,4.71,20000,,842.4,8.81,10.01
Bosnia & Herzegovina ,17.83467241,44.14415356,Bosnia and Herzegovina,Bosnia and Herzegovina,BA,Bosnia and Herzegovina,BA,EASTERN EUROPE                     ,4498976,51129,88,0.04,0.31,21.05,6100,98.1,215.4,8.77,8.27
Lithuania ,23.94602161,55.29437393,Lithuania,Lithuania ,LT,Lithuania,LT,BALTICS                            ,3585906,65200,55,0.14,-0.71,6.89,11400,99.6,223.4,8.75,10.98
Austria ,13.79777836,47.63185827,Austria,Austria ,AT,Austria,AT,WESTERN EUROPE                     ,8192880,83870,97.7,0,2,4.66,30000,98,452.2,8.74,9.76
Italy ,12.76365717,42.98201128,Italy,Italy ,IT,Italy,IT,WESTERN EUROPE                     ,58133509,301230,193,2.52,2.07,5.94,26700,98.6,430.9,8.72,10.4
Andorra ,1.580224361,42.54859835,Andorra,Andorra ,AD,Andorra,AD,WESTERN EUROPE                     ,71201,468,152.1,0,6.6,4.05,19000,100,497.2,8.71,6.25
Macau ,22.198745,113.543873,Macau,Macau ,MO,Macau,MO,ASIA (EX. NEAR EAST)         ,453125,28,16183,146.43,4.86,4.39,19400,94.5,384.9,8.48,4.47
Germany ,10.42617143,51.0830454,Germany,Germany ,DE,Germany,DE,WESTERN EUROPE                     ,82422299,357021,230.9,0.67,2.18,4.16,27600,99,667.9,8.25,10.62
Hong Kong ,22.396428,114.109497,Hong Kong,Hong Kong ,HK,Hong Kong,HK,ASIA (EX. NEAR EAST)         ,6940432,1092,6355.7,67.12,5.24,2.97,28800,93.5,546.7,7.29,6.29
Niger ,8.86863247,17.08105392,Niger,Niger ,NE,Niger,NE,SUB-SAHARAN AFRICA                 ,12525094,1267000,9.9,0,-0.67,121.69,800,17.6,1.9,50.73,20.91
Mali ,-4.346399842,17.16814621,Mali,Mali ,ML,Mali,ML,SUB-SAHARAN AFRICA                 ,11716829,1240000,9.5,0,-0.33,116.79,900,46.4,6.4,49.82,16.89
Uganda ,32.34371768,1.282172922,Uganda,Uganda ,UG,Uganda,UG,SUB-SAHARAN AFRICA                 ,28195754,236040,119.5,0,0,67.83,1400,69.9,3.6,47.35,12.24
Afghanistan ,66.59216131,34.13402601,Afghanistan,Afghanistan ,AF,Afghanistan,AF,ASIA (EX. NEAR EAST)         ,31056997,647500,48,0,23.06,163.07,700,36,3.2,46.6,20.34
Sierra Leone ,-11.78656696,8.561330385,Sierra Leone,Sierra Leone ,SL,Sierra Leone,SL,SUB-SAHARAN AFRICA                 ,6005250,71740,83.7,0.56,0,143.64,500,31.4,4,45.76,23.03
Chad ,18.4271139,15.28349355,Chad,Chad ,TD,Chad,TD,SUB-SAHARAN AFRICA                 ,9944201,1284000,7.7,0,-0.11,93.82,1200,47.5,1.3,45.73,16.38
Burkina Faso ,-1.693281621,12.10870904,Burkina Faso,Burkina Faso ,BF,Burkina Faso,BF,SUB-SAHARAN AFRICA                 ,13902972,274200,50.7,0,0,97.57,1100,26.6,7,45.62,15.6
Somalia ,45.40037867,6.524534573,Somalia,Somalia ,SO,Somalia,SO,SUB-SAHARAN AFRICA                 ,8863338,637657,13.9,0.47,5.37,116.7,500,37.8,11.3,45.13,16.63
Angola ,17.65176878,-12.16742406,Angola,Angola ,AO,Angola,AO,SUB-SAHARAN AFRICA                 ,12127071,1246700,9.7,0.13,0,191.19,1900,42,7.8,45.11,24.2
Liberia ,-9.258988935,6.520129794,Liberia,Liberia ,LR,Liberia,LR,SUB-SAHARAN AFRICA                 ,3042004,111370,27.3,0.52,0,128.87,1000,57.5,2.3,44.77,23.1
"Congo, Dem. Rep. ",23.41982757,-3.338629596,Congo DRC,Democratic Republic of the Congo,CD,Congo DRC,CD,SUB-SAHARAN AFRICA                 ,62660551,2345410,26.7,0,0,94.69,700,65.5,0.2,43.69,13.27
Malawi ,34.23441182,-13.12898646,Malawi,Malawi ,MW,Malawi,MW,SUB-SAHARAN AFRICA                 ,13013926,118480,109.8,0,0,103.32,600,62.7,7.9,43.13,19.33
Yemen ,47.46815793,16.00139262,Yemen,Yemen ,YE,Yemen,YE,NEAR EAST                          ,21456188,527970,40.6,0.36,0,61.5,800,50.2,37.2,42.89,8.3
"Congo, Repub. of the ",14.87973285,-0.72943916,Congo,Republic of the Congo,CG,Congo,CG,SUB-SAHARAN AFRICA                 ,3702314,342000,10.8,0.05,-0.17,93.86,700,83.8,3.7,42.57,12.93
Burundi ,29.88518228,-3.261251993,Burundi,Burundi ,BI,Burundi,BI,SUB-SAHARAN AFRICA                 ,8090068,27830,290.7,0,-0.06,69.29,600,51.6,3.4,42.22,13.46
Guinea ,-10.98694885,10.25598654,Guinea,Guinea,GN,Guinea,GN,SUB-SAHARAN AFRICA                 ,9690222,245857,39.4,0.13,-3.06,90.37,2100,35.9,2.7,41.76,15.48
Madagascar ,46.68493467,-19.04163612,Madagascar,Madagascar ,MG,Madagascar,MG,SUB-SAHARAN AFRICA                 ,18595469,587040,31.7,0.82,0,76.83,800,68.9,3.6,41.41,11.11
Mauritania ,-10.49507905,20.46673121,Mauritania,Mauritania ,MR,Mauritania,MR,SUB-SAHARAN AFRICA                 ,3177388,1030700,3.1,0.07,0,70.89,1800,41.7,12.9,40.99,12.16
Mayotte ,45.12814233,-12.82446842,Mayotte,Mayotte,YT,France,FR,SUB-SAHARAN AFRICA                 ,201234,374,538.1,49.52,6.78,62.4,2600,29,49.7,40.95,7.7
Nigeria ,8.147714845,9.61029352,Nigeria,Nigeria ,NG,Nigeria,NG,SUB-SAHARAN AFRICA                 ,131859731,923768,142.7,0.09,0.26,98.8,900,68,9.3,40.43,16.94
Rwanda ,29.91943968,-2.01468746,Rwanda,Rwanda ,RW,Rwanda,RW,SUB-SAHARAN AFRICA                 ,8648248,26338,328.4,0,0,91.23,1300,70.4,2.7,40.37,16.09
Sao Tome & Principe ,6.606158797,0.227447043,Sao Tome and Principe,Sao Tome & Principe ,ST,Sao Tome and Principe,ST,SUB-SAHARAN AFRICA                 ,193413,1001,193.2,20.88,-2.72,43.11,1200,79.3,36.2,40.25,6.47
Kenya ,37.95309411,0.689918232,Kenya,Kenya ,KE,Kenya,KE,SUB-SAHARAN AFRICA                 ,34707817,582650,59.6,0.09,-0.1,61.47,1000,85.1,8.1,39.72,14.02
Djibouti ,42.6134969,11.75023573,Djibouti,Djibouti ,DJ,Djibouti,DJ,SUB-SAHARAN AFRICA                 ,486530,23000,21.2,1.37,0,104.13,1300,67.9,22.8,39.53,19.31
Gaza Strip ,31.354676,34.308825,West Bank and Gaza,West Bank ,GZ,West Bank and Gaza,GZ,NEAR EAST                          ,1428757,360,3968.8,11.11,1.6,22.93,600,97.51,244.3,39.45,3.8
"Gambia, The ",-15.38338039,13.42861796,Gambia,Gambia,GM,Gambia,GM,SUB-SAHARAN AFRICA                 ,1641564,11300,145.3,0.71,1.57,72.02,1700,40.1,26.8,39.37,12.25
Benin ,2.305714529,9.5030132,Benin,Benin ,BJ,Benin,BJ,SUB-SAHARAN AFRICA                 ,7862944,112620,69.8,0.11,0,85,1100,40.9,9.7,38.85,12.22
Ethiopia ,39.91490289,8.729389557,Ethiopia,Ethiopia ,ET,Ethiopia,ET,SUB-SAHARAN AFRICA                 ,74777981,1127127,66.3,0,0,95.32,700,42.7,8.2,37.98,14.86
Tanzania ,34.81832206,-6.35579444,Tanzania,United Republic of Tanzania,TZ,Tanzania,TZ,SUB-SAHARAN AFRICA                 ,37445392,945087,39.6,0.15,-2.06,98.54,600,78.2,4,37.71,16.39
Guinea-Bissau ,-14.98018676,11.98007532,Guinea-Bissau,Guinea Bissau,GW,Guinea-Bissau,GW,SUB-SAHARAN AFRICA                 ,1442029,36120,39.9,0.97,-1.57,107.17,800,42.4,7.4,37.22,16.53
Togo ,0.899085757,8.660743038,Togo,Togo ,TG,Togo,TG,SUB-SAHARAN AFRICA                 ,5548702,56785,97.7,0.1,0,66.61,1500,60.9,10.6,37.01,9.83
Comoros ,43.34826587,-11.65886147,Comoros,Comoros ,KM,Comoros,KM,SUB-SAHARAN AFRICA                 ,690948,2170,318.4,15.67,0,74.93,700,56.5,24.5,36.93,8.2
Haiti ,-72.8929138,18.88352049,Haiti,Haiti ,HT,Haiti,HT,LATIN AMER. & CARIB    ,8308504,27750,299.4,6.38,-3.4,73.45,1600,52.9,16.9,36.44,12.17
Oman ,55.84108812,20.72428332,Oman,Oman ,OM,Oman,OM,NEAR EAST                          ,3102229,212460,14.6,0.98,0.28,19.51,13100,75.8,85.5,36.24,3.81
Gabon ,11.8394109,-0.62844846,Gabon,Gabon ,GA,Gabon,GA,SUB-SAHARAN AFRICA                 ,1424906,267667,5.3,0.33,0,53.64,5500,63.2,27.4,36.16,12.25
Equatorial Guinea ,10.42545667,1.595464394,Equatorial Guinea,Equatorial Guinea ,GQ,Equatorial Guinea,GQ,SUB-SAHARAN AFRICA                 ,540109,28051,19.3,1.06,0,85.13,2700,85.7,18.5,35.59,15.06
Laos ,103.763759,18.11728274,Laos,Laos ,LA,Laos,LA,ASIA (EX. NEAR EAST)         ,6368481,236800,26.9,0,0,85.22,1700,66.4,14.1,35.49,11.55
Mozambique ,35.20857703,-17.52523031,Mozambique,Mozambique ,MZ,Mozambique,MZ,SUB-SAHARAN AFRICA                 ,19686505,801590,24.6,0.31,0,130.79,1200,47.8,3.5,35.18,21.35
Cote d'Ivoire ,-5.571710195,7.536779279,Côte d'Ivoire,Ivory Coast,CI,Côte d'Ivoire,CI,SUB-SAHARAN AFRICA                 ,17654843,322460,54.8,0.16,-0.07,90.83,1400,50.9,14.6,35.11,14.84
Maldives ,73.10076245,-0.606557717,Maldives,Maldives ,MV,Maldives,MV,ASIA (EX. NEAR EAST)         ,359008,300,1196.7,214.67,0,56.52,3900,97.2,90,34.81,7.06
Sudan ,29.95145828,15.67060231,Sudan,Sudan,SD,Sudan,SD,SUB-SAHARAN AFRICA                 ,41236378,2505810,16.5,0.03,-0.02,62.5,1900,61.1,16.3,34.53,8.97
Eritrea ,39.26724014,15.00553315,Eritrea,Eritrea ,ER,Eritrea,ER,SUB-SAHARAN AFRICA                 ,4786994,121320,39.5,1.84,0,74.87,700,58.6,7.9,34.33,9.6
Central African Rep. ,20.52074342,6.331390034,Central African Republic,Central African Republic,CF,Central African Republic,CF,SUB-SAHARAN AFRICA                 ,4303356,622984,6.9,0,0,91,1100,51,2.3,33.91,18.65
Cameroon ,12.94847414,6.294168487,Cameroon,Cameroon ,CM,Cameroon,CM,SUB-SAHARAN AFRICA                 ,17340702,475440,36.5,0.08,0,68.26,1800,79,5.7,33.89,13.47
Bhutan ,90.46716647,27.42163934,Bhutan,Bhutan ,BT,Bhutan,BT,ASIA (EX. NEAR EAST)         ,2279723,47000,48.5,0,0,100.44,1300,42.2,14.3,33.65,12.7
Marshall Islands ,168.7201603,7.307929901,Marshall Islands,Marshall Islands ,MH,Marshall Islands,MH,OCEANIA                            ,60422,11854,5.1,3.12,-6.04,29.45,1600,93.7,91.2,33.05,4.78
Senegal ,-14.61087537,14.22886149,Senegal,Senegal ,SN,Senegal,SN,SUB-SAHARAN AFRICA                 ,11987121,196190,61.1,0.27,0.2,55.51,1600,40.2,22.2,32.78,9.42
Tajikistan ,70.94215281,38.56933138,Tajikistan,Tajikistan ,TJ,Tajikistan,TJ,C.W. OF IND. STATES ,7320815,143100,51.2,0,-2.86,110.76,1000,99.4,33.5,32.65,8.25
Iraq ,43.83252918,33.10507567,Iraq,Iraq ,IQ,Iraq,IQ,NEAR EAST                          ,26783383,437072,61.3,0.01,0,50.25,1500,40.4,38.6,31.98,5.37
West Bank ,52.677047,-0.172098,West Bank and Gaza,Gaza Strip ,GZ,West Bank and Gaza,GZ,NEAR EAST                          ,2460492,5860,419.9,0,2.98,19.62,800,97.51,145.2,31.67,3.92
Nepal ,84.13388983,28.3009207,Nepal,Nepal ,NP,Nepal,NP,ASIA (EX. NEAR EAST)         ,28287147,147181,192.2,0,0,66.98,1400,45.2,15.9,30.98,9.31
Kiribati ,-157.3902419,1.867667375,Kiribati,Kiribati ,KI,Kiribati,KI,OCEANIA                            ,105432,811,130,140.94,0,48.52,800,93,42.7,30.65,8.26
Ghana ,-1.219233363,7.945304672,Ghana,Ghana ,GH,Ghana,GH,SUB-SAHARAN AFRICA                 ,22409572,239460,93.6,0.23,-0.64,51.43,2200,74.8,14.4,30.52,9.72
Solomon Islands ,160.164758,-9.613104735,Solomon Islands,Solomon Islands ,SB,Solomon Islands,SB,OCEANIA                            ,552438,28450,19.4,18.67,0,21.29,1700,84.1,13.4,30.01,3.92
Guatemala ,-90.31219349,15.82087852,Guatemala,Guatemala ,GT,Guatemala,GT,LATIN AMER. & CARIB    ,12293545,108890,112.9,0.37,-1.67,35.93,4100,70.6,92.1,29.88,5.2
Bangladesh ,90.43212563,23.67372867,Bangladesh,Bangladesh ,BD,Bangladesh,BD,ASIA (EX. NEAR EAST)         ,147365352,144000,1023.4,0.4,-0.71,62.6,1900,43.1,7.3,29.8,8.27
Pakistan ,69.08835091,30.11618837,Pakistan,Pakistan ,PK,Pakistan,PK,ASIA (EX. NEAR EAST)         ,165803560,803940,206.2,0.13,-2.77,72.44,2100,45.7,31.8,29.74,8.23
Papua New Guinea ,144.8348943,-7.156912819,Papua New Guinea,Papua New Guinea ,PG,Papua New Guinea,PG,OCEANIA                            ,5670544,462840,12.3,1.11,0,51.45,2200,64.6,10.9,29.36,7.25
Saudi Arabia ,44.60095818,24.13603814,Saudi Arabia,Saudi Arabia ,SA,Saudi Arabia,SA,NEAR EAST                          ,27019731,1960582,13.8,0.13,-2.71,13.24,11800,78.8,140.6,29.34,2.58
Paraguay ,-58.38906357,-23.42190559,Paraguay,Paraguay ,PY,Paraguay,PY,LATIN AMER. & CARIB    ,6506464,406750,16,0,-0.08,25.63,4700,94,49.2,29.1,4.49
Belize ,-88.6827351,17.24252477,Belize,Belize ,BZ,Belize,BZ,LATIN AMER. & CARIB    ,287730,22966,12.5,1.68,0,25.69,4900,94.1,115.7,28.84,5.72
Honduras ,-86.49251679,14.7403707,Honduras,Honduras ,HN,Honduras,HN,LATIN AMER. & CARIB    ,7326496,112090,65.4,0.73,-1.99,29.32,2600,76.2,67.5,28.24,5.28
Zimbabwe ,29.71782964,-18.92700122,Zimbabwe,Zimbabwe ,ZW,Zimbabwe,ZW,SUB-SAHARAN AFRICA                 ,12236805,390580,31.3,0,0,67.69,1900,90.7,26.8,28.01,21.84
Syria ,38.51173231,35.09751106,Syria,Syria ,SY,Syria,SY,NEAR EAST                          ,18881361,185180,102,0.1,0,29.53,3300,76.9,153.8,27.76,4.81
Turkmenistan ,58.45773576,39.06069118,Turkmenistan,Turkmenistan ,TM,Turkmenistan,TM,C.W. OF IND. STATES ,5042920,488100,10.3,0,-0.86,73.08,5800,98,74.6,27.61,8.6
Swaziland ,31.51068575,-26.56254094,Eswatini,Swaziland ,SZ,Eswatini,SZ,SUB-SAHARAN AFRICA                 ,1136334,17363,65.5,0,0,69.27,4900,81.6,30.8,27.41,29.74
East Timor ,125.9502405,-8.809894631,Timor-Leste,Tajikistan ,TL,Timor-Leste,TL,ASIA (EX. NEAR EAST)         ,1062777,15007,70.8,4.7,0,47.41,500,58.6,,26.99,6.24
Cambodia ,105.0397308,12.69918687,Cambodia,Cambodia ,KH,Cambodia,KH,ASIA (EX. NEAR EAST)         ,13881427,181040,76.7,0.24,0,71.48,1900,69.4,2.6,26.9,9.06
El Salvador ,-88.85911489,13.75804152,El Salvador,El Salvador ,SV,El Salvador,SV,LATIN AMER. & CARIB    ,6822378,21040,324.3,1.46,-3.74,25.1,4800,80.2,142.4,26.61,5.78
Libya ,17.91133392,27.20291577,Libya,Libya ,LY,Libya,LY,NORTHERN AFRICA                    ,5900754,1759540,3.4,0.1,0,24.6,6400,82.6,127.1,26.49,3.48
Uzbekistan ,63.85482976,41.48790652,Uzbekistan,Uzbekistan ,UZ,Uzbekistan,UZ,C.W. OF IND. STATES ,27307134,447400,61,0,-1.72,71.1,1700,99.3,62.9,26.36,7.84
Tonga ,-175.2041588,-21.15927213,Tonga,Tonga ,TO,Tonga,TO,OCEANIA                            ,114689,748,153.3,56.02,0,12.62,2200,98.5,97.7,25.37,5.28
Philippines ,121.8220894,15.58654225,Philippines,Philippines ,PH,Philippines,PH,ASIA (EX. NEAR EAST)         ,89468677,300000,298.2,12.1,-1.5,23.51,4600,92.6,38.4,24.89,5.41
Cape Verde ,-16.53799441,28.29766511,Canarias,Cape Verde ,ES,Spain,ES,SUB-SAHARAN AFRICA                 ,420979,4033,104.4,23.93,-12.07,47.77,1400,76.6,169.6,24.87,6.55
Nauru ,166.9293763,-0.522102144,Nauru,Nauru ,NR,Nauru,NR,OCEANIA                            ,13287,21,632.7,142.86,0,9.95,5000,96.5,143,24.76,6.7
Lesotho ,28.24475318,-29.60168117,Lesotho,Lesotho ,LS,Lesotho,LS,SUB-SAHARAN AFRICA                 ,2022331,30355,66.6,0,-0.74,84.23,3000,84.8,23.7,24.75,28.71
"Micronesia, Fed. St. ",158.2291899,6.878944813,Micronesia,Micronesia,FM,Micronesia,FM,OCEANIA                            ,108004,702,153.9,870.66,-20.99,30.21,2000,89,114.8,24.68,4.75
Nicaragua ,-85.01608833,12.89356663,Nicaragua,Nicaragua ,NI,Nicaragua,NI,LATIN AMER. & CARIB    ,5570129,129494,43,0.7,-1.22,29.11,2300,67.5,39.7,24.51,4.45
Namibia ,18.16451346,-21.90858163,Namibia,Namibia ,NA,Namibia,NA,SUB-SAHARAN AFRICA                 ,2044147,825418,2.5,0.19,0,48.98,7200,84,62.6,24.32,18.86
Bolivia ,-64.45209598,-16.73124884,Bolivia,Bolivia ,BO,Bolivia,BO,LATIN AMER. & CARIB    ,8989046,1098580,8.2,0,-1.32,53.11,2400,87.2,71.9,23.3,7.53
Dominican Republic ,-70.43495199,18.77954819,Dominican Republic,Dominican Republic ,DO,Dominican Republic,DO,LATIN AMER. & CARIB    ,9183984,48730,188.5,2.64,-3.22,32.38,6000,84.7,97.4,23.22,5.73
Botswana ,23.85779957,-22.236609,Botswana,Botswana ,BW,Botswana,BW,SUB-SAHARAN AFRICA                 ,1639833,600370,2.7,0,0,54.58,9000,79.8,80.5,23.08,29.5
Egypt ,30.24013544,26.60517034,Egypt,Egypt ,EG,Egypt,EG,NORTHERN AFRICA                    ,78887007,1001450,78.8,0.24,-0.22,32.59,4000,57.7,131.8,22.94,5.23
Malaysia ,114.633303,3.671660856,Malaysia,Malaysia ,MY,Malaysia,MY,ASIA (EX. NEAR EAST)         ,24385858,329750,74,1.42,0,17.7,9000,88.7,179,22.86,5.05
Kyrgyzstan ,74.17532903,41.35698905,Kyrgyzstan,Kyrgyzstan ,KG,Kyrgyzstan,KG,C.W. OF IND. STATES ,5213898,198500,26.3,0,-2.45,35.64,1600,97,84,22.8,7.08
Vanuatu ,166.8491274,-15.18913212,Vanuatu,Vanuatu ,VU,Vanuatu,VU,OCEANIA                            ,208869,12200,17.1,20.72,0,55.16,2900,53,32.6,22.72,7.82
Fiji ,177.9814461,-17.82247095,Fiji,Fiji ,FJ,Fiji,FJ,OCEANIA                            ,905949,18270,49.6,6.18,-3.14,12.62,5800,93.7,112.6,22.55,5.65
American Samoa ,-170.7007316,-14.30571199,American Samoa,American Samoa ,AS,United States,US,OCEANIA                            ,57794,199,290.4,58.29,-20.71,9.27,8000,97,259.5,22.46,3.27
Ecuador ,-78.46303261,-1.564272139,Ecuador,Ecuador ,EC,Ecuador,EC,LATIN AMER. & CARIB    ,13547510,283560,47.8,0.79,-8.58,23.66,3300,92.5,125.6,22.29,4.23
Tuvalu ,179.217834,-8.514701506,Tuvalu,Tuvalu ,TV,Tuvalu,TV,OCEANIA                            ,11810,26,454.2,92.31,0,20.03,1100,99,59.3,22.18,7.11
Grenada ,-61.67937937,12.11292666,Grenada,Grenada ,GD,Grenada,GD,LATIN AMER. & CARIB    ,89703,344,260.8,35.17,-13.92,14.62,5000,98,364.5,22.08,6.88
India ,81.17300409,23.58630057,India,India ,IN,India,IN,ASIA (EX. NEAR EAST)         ,1095351995,3287590,333.2,0.21,-0.07,56.29,2900,59.5,45.4,22.01,8.18
Morocco ,-8.817212587,28.68759813,Morocco,Morocco ,MA,Morocco,MA,NORTHERN AFRICA                    ,33241259,446550,74.4,0.41,-0.98,41.62,4000,51.7,40.4,21.98,5.58
Kuwait ,47.56311109,29.28136097,Kuwait,Kuwait,KW,Kuwait,KW,NEAR EAST                          ,2418393,17820,135.7,2.8,14.18,9.95,19000,83.5,211,21.94,2.41
Turks & Caicos Is ,-71.74058947,21.79986543,Turks and Caicos Islands,Turks and Caicos Islands,TC,United Kingdom,GB,LATIN AMER. & CARIB    ,21152,430,49.2,90.47,11.68,15.67,9600,98,269.5,21.84,4.21
Panama ,-80.14428761,8.43953675,Panama,Panama ,PA,Panama,PA,LATIN AMER. & CARIB    ,3191319,78200,40.8,3.18,-0.91,20.47,6300,92.6,137.9,21.74,5.36
Mongolia ,103.398736,47.08644455,Mongolia,Mongolia ,MN,Mongolia,MN,ASIA (EX. NEAR EAST)         ,2832224,1564116,1.8,0,0,53.79,1800,97.8,55.1,21.59,6.95
Jordan ,36.95728885,31.38706488,Jordan,Jordan ,JO,Jordan,JO,NEAR EAST                          ,5906760,92300,64,0.03,6.59,17.35,4300,91.3,104.5,21.25,2.65
Jamaica ,-77.30358895,18.12207889,Jamaica,Jamaica ,JM,Jamaica,JM,LATIN AMER. & CARIB    ,2758124,10991,250.9,9.3,-4.92,12.36,3900,87.9,124,20.82,6.52
Azerbaijan ,48.63459267,40.39205099,Azerbaijan,Azerbaijan ,AZ,Azerbaijan,AZ,C.W. OF IND. STATES ,7961619,86600,91.9,0,-4.9,81.74,3400,97,137.1,20.74,9.75
Mexico ,-101.5539973,23.87436068,Mexico,Mexico ,MX,Mexico,MX,LATIN AMER. & CARIB    ,107449525,1972550,54.5,0.47,-4.87,20.91,9000,92.2,181.6,20.69,4.74
Colombia ,-72.64450662,4.187753877,Colombia,Colombia ,CO,Colombia,CO,LATIN AMER. & CARIB    ,43593035,1138910,38.3,0.28,-0.31,20.97,6300,92.5,176.2,20.48,5.58
Peru ,-74.11416197,-8.522717984,Peru,Peru ,PE,Peru,PE,LATIN AMER. & CARIB    ,28302603,1285220,22,0.19,-1.05,31.94,5100,90.9,79.5,20.48,6.23
French Guiana ,-53.32232307,3.857429742,French Guiana,French Guiana ,GF,France,FR,LATIN AMER. & CARIB    ,199509,91000,2.2,0.42,6.27,12.07,8300,83,255.6,20.46,4.88
Indonesia ,113.9653825,0.1559198,Indonesia,Indonesia ,ID,Indonesia,ID,ASIA (EX. NEAR EAST)         ,245452739,1919440,127.9,2.85,0,35.6,3200,87.9,52,20.34,6.25
Saint Lucia ,-60.96895109,13.89574919,Saint Lucia,Saint Lucia ,LC,Saint Lucia,LC,LATIN AMER. & CARIB    ,168458,616,273.5,25.65,-2.67,13.53,5400,67,303.3,19.68,5.08
N. Mariana Islands ,145.7411974,15.17806352,Northern Mariana Islands,Northern Mariana Islands,MP,United States,US,OCEANIA                            ,82459,477,172.9,310.69,9.61,7.11,12500,97,254.7,19.43,2.29
United Arab Emirates ,54.27920526,24.18250292,United Arab Emirates,United Arab Emirates ,AE,United Arab Emirates,AE,NEAR EAST                          ,2602713,82880,31.4,1.59,1.03,14.51,23200,77.9,475.3,18.96,4.4
Reunion ,55.54393506,-21.11982546,Réunion,Reunion ,RE,France,FR,SUB-SAHARAN AFRICA                 ,787584,2517,312.9,8.22,0,7.78,5800,88.9,380.9,18.9,5.49
Brunei ,114.6430958,4.54320589,Brunei,Brunei ,BN,Brunei Darussalam,BN,ASIA (EX. NEAR EAST)         ,379444,5770,65.8,2.79,3.59,12.61,18600,93.9,237.2,18.79,3.45
Guam ,144.7802446,13.44543048,Guam,Guam ,GU,United States,US,OCEANIA                            ,171019,541,316.1,23.2,0,6.94,21000,99,492,18.79,4.48
Venezuela ,-66.36492136,7.148324761,Venezuela,Venezuela ,VE,Venezuela,VE,LATIN AMER. & CARIB    ,25730435,912050,28.2,0.31,-0.04,22.2,4800,93.4,140.1,18.71,4.92
Lebanon ,35.89651946,33.91160171,Lebanon,Lebanon ,LB,Lebanon,LB,NEAR EAST                          ,3874050,10400,372.5,2.16,0,24.52,4800,87.4,255.6,18.52,6.21
Costa Rica ,-84.14673626,9.863467407,Costa Rica,Costa Rica ,CR,Costa Rica,CR,LATIN AMER. & CARIB    ,4075261,51100,79.8,2.52,0.51,9.95,9100,96,340.7,18.32,4.36
Guyana ,-58.91352613,4.682119814,Guyana,Guyana ,GY,Guyana,GY,LATIN AMER. & CARIB    ,767245,214970,3.6,0.21,-2.07,33.26,4000,98.8,143.5,18.28,8.28
South Africa ,24.75252746,-28.55361931,South Africa,South Africa,ZA,South Africa,ZA,SUB-SAHARAN AFRICA                 ,44187637,1219912,36.2,0.23,-0.29,61.81,10700,86.4,107,18.2,22
New Caledonia ,165.5076704,-21.33003373,New Caledonia,New Caledonia ,NC,France,FR,OCEANIA                            ,219246,19060,11.5,11.83,0,7.72,15000,91,252.2,18.11,5.69
Palau ,134.5796509,7.534775853,Palau,Palau ,PW,Palau,PW,OCEANIA                            ,20579,458,44.9,331.66,2.85,14.84,9000,92,325.6,18.03,6.8
Suriname ,-55.85551431,4.098723596,Suriname,Suriname ,SR,Suriname,SR,LATIN AMER. & CARIB    ,439117,163270,2.7,0.24,-8.81,23.57,4000,93,184.7,18.02,7.27
Saint Kitts & Nevis ,-62.74560386,17.3147363,Saint Kitts and Nevis,Saint Kitts & Nevis ,KN,Saint Kitts and Nevis,KN,LATIN AMER. & CARIB    ,39129,261,149.9,51.72,-7.11,14.49,8800,97,638.9,18.02,8.33
Israel ,35.02792347,31.51354222,Israel,Israel ,IL,Israel,IL,NEAR EAST                          ,6352117,20770,305.8,1.31,0.68,7.03,19800,95.4,462.3,17.97,6.18
Burma ,97.08892285,19.90122793,Burma,Myanmar,MM,Burma (Myanmar),MM,ASIA (EX. NEAR EAST)         ,47382633,678500,69.8,0.28,-1.8,67.24,1800,85.3,10.1,17.91,9.83
Bahrain ,50.5406954,26.04798502,Bahrain,Bahrain ,BH,Bahrain,BH,NEAR EAST                          ,698585,665,1050.5,24.21,1.05,17.27,16900,89.1,281.3,17.8,4.14
Montserrat ,-62.18693281,16.73536339,Montserrat,Montserrat ,MS,United Kingdom,GB,LATIN AMER. & CARIB    ,9439,102,92.5,39.22,0,7.35,3400,97,,17.59,7.1
"Bahamas, The ",-78.0727537,24.72162634,"Bahamas, The",The Bahamas,BS,Bahamas,BS,LATIN AMER. & CARIB    ,303770,13940,21.8,25.41,-2.2,25.21,16700,95.6,460.6,17.57,9.05
Algeria ,2.655846472,28.35096974,Algeria,Algeria ,DZ,Algeria,DZ,NORTHERN AFRICA                    ,32930091,2381740,13.8,0.04,-0.39,31,6000,70,78.1,17.14,4.61
Antigua & Barbuda ,-61.78530823,17.07146759,Antigua & Barbuda,Antigua and Barbuda,AG,Antigua and Barbuda,AG,LATIN AMER. & CARIB    ,69108,443,156,34.54,-6.15,19.46,11000,89,549.9,16.93,5.37
Vietnam ,105.9133883,16.51734717,Vietnam,Vietnam ,VN,Vietnam,VN,ASIA (EX. NEAR EAST)         ,84402966,329560,256.1,1.05,-0.45,25.95,2500,90.3,187.7,16.86,6.22
Argentina ,-64.53238504,-35.69727052,Argentina,Argentina ,AR,Argentina,AR,LATIN AMER. & CARIB    ,39921833,2766890,14.4,0.18,0.61,15.18,11200,97.1,220.4,16.73,7.55
French Polynesia ,-149.4004167,-17.67468408,French Polynesia,French Polynesia ,PF,France,FR,OCEANIA                            ,274578,4167,65.9,60.6,2.94,8.44,17500,98,194.5,16.68,4.69
Turkey ,35.56886764,38.93207363,Turkey,Turkey ,TR,Turkey,TR,NEAR EAST                          ,70413958,780580,90.2,0.92,0,41.04,6700,86.5,269.5,16.62,5.97
Brazil ,-54.35520661,-11.52463042,Brazil,Brazil ,BR,Brazil,BR,LATIN AMER. & CARIB    ,188078227,8511965,22.1,0.09,-0.03,29.61,7600,86.4,225.3,16.56,6.17
Samoa ,-172.4410766,-13.63425295,Samoa,Samoa ,WS,Samoa,WS,OCEANIA                            ,176908,2944,60.1,13.69,-11.7,27.71,5600,99.7,75.2,16.43,6.62
Saint Vincent and the Grenadines ,-61.19376635,13.25480812,Saint Vincent and the Grenadines,Saint Vincent and the Grenadines ,VC,Saint Vincent and the Grenadines,VC,LATIN AMER. & CARIB    ,117848,389,303,21.59,-7.64,14.78,2900,96,190.9,16.18,5.98
Seychelles ,55.4725079,-4.660002319,Seychelles,Seychelles ,SC,Seychelles,SC,SUB-SAHARAN AFRICA                 ,81541,455,179.2,107.91,-5.69,15.53,7800,58,262.4,16.03,6.29
Greenland ,-42.07567788,74.16847219,Greenland,Greenland ,GL,Denmark,DK,NORTHERN AMERICA                   ,56361,2166086,0,2.04,-8.37,15.82,20000,100,448.9,15.93,7.84
Moldova ,28.39111187,47.07256746,Moldova,Moldova ,MD,Moldova,MD,C.W. OF IND. STATES ,4466706,33843,132,0,-0.26,40.42,1800,99.1,208.1,15.7,12.64
Qatar ,51.19794919,25.31852849,Qatar,Qatar ,QA,Qatar,QA,NEAR EAST                          ,885359,11437,77.4,4.92,16.29,18.61,21500,82.5,232,15.56,4.72
"Korea, North ",127.3379806,40.19198091,North Korea,North Korea,KP,North Korea,KP,ASIA (EX. NEAR EAST)         ,23113019,120540,191.8,2.07,0,24.04,1300,99,42.4,15.54,7.13
Tunisia ,9.655875517,34.0863618,Tunisia,Tunisia ,TN,Tunisia,TN,NORTHERN AFRICA                    ,10175014,163610,62.2,0.7,-0.57,24.77,6900,74.2,123.6,15.52,5.13
Sri Lanka ,80.6693117,7.696630939,Sri Lanka,Sri Lanka ,LK,Sri Lanka,LK,ASIA (EX. NEAR EAST)         ,20222240,65610,308.2,2.04,-1.31,14.35,3700,92.3,61.5,15.51,6.52
Mauritius ,57.56415671,-20.28142317,Mauritius,Mauritius ,MU,Mauritius,MU,SUB-SAHARAN AFRICA                 ,1240827,2040,608.3,8.68,-0.9,15.03,11400,85.6,289.3,15.43,6.86
Dominica ,-61.36047195,15.42926986,Dominica,Dominica ,DM,Dominica,DM,LATIN AMER. & CARIB    ,68910,754,91.4,19.63,-13.87,14.15,5400,94,304.8,15.27,6.73
Chile ,-70.76863432,-37.82938283,Chile,Chile ,CL,Chile,CL,LATIN AMER. & CARIB    ,16134219,756950,21.3,0.85,0,8.8,9900,96.2,213,15.23,5.81
Albania ,20.06108277,41.14165895,Albania,Albania ,AL,Albania,AL,EASTERN EUROPE                     ,3581655,28748,124.6,1.26,-4.93,21.52,4500,86.5,71.2,15.11,5.22
Guadeloupe ,-61.54382262,16.24420003,Guadeloupe,Guadeloupe ,GP,France,FR,LATIN AMER. & CARIB    ,452776,1780,254.4,17.19,-0.15,8.6,8000,90,463.8,15.05,6.09
British Virgin Is. ,-64.62406519,18.4219582,British Virgin Is.,British Virgin Islands,VG,United Kingdom,GB,LATIN AMER. & CARIB    ,23098,153,151,52.29,10.01,18.05,16000,97.8,506.5,14.89,4.42
Netherlands Antilles ,12.226079,-69.060087,Netherlands Antilles,Netherlands Antilles ,AN,Netherlands Antilles,AN,LATIN AMER. & CARIB    ,221736,960,231,37.92,-0.41,10.03,11400,96.7,365.3,14.78,6.45
Ireland ,-8.241128546,53.3048954,Ireland,Ireland ,IE,Ireland,IE,WESTERN EUROPE                     ,4062235,70280,57.8,2.06,4.99,5.39,29600,98,500.5,14.45,7.82
Anguilla ,-63.06008344,18.222874,Anguilla,Anguilla ,AI,United Kingdom,GB,LATIN AMER. & CARIB    ,13477,102,132.1,59.8,10.76,21.03,8600,95,460,14.17,5.34
United States ,-96.33161661,38.82080892,United States,USA,US,United States,US,NORTHERN AMERICA                   ,298444215,9631420,31,0.21,3.41,6.5,37800,97,898,14.14,8.26
Faroe Islands ,-6.981106091,62.13089628,Faroe Islands,Faroe Islands ,FO,Denmark,DK,WESTERN EUROPE                     ,47246,1399,33.8,79.84,1.41,6.24,22000,99,503.8,14.05,8.7
Virgin Islands ,-64.76155341,17.73800971,US Virgin Islands,Virgin Islands ,VI,United States,US,LATIN AMER. & CARIB    ,108605,1910,56.9,9.84,-8.94,8.03,17200,90,652.8,13.96,6.43
Uruguay ,-56.01919523,-32.78195044,Uruguay,Uruguay ,UY,Uruguay,UY,LATIN AMER. & CARIB    ,3431932,176220,19.5,0.37,-0.32,11.95,12800,98,291.4,13.91,9.05
Thailand ,101.0867512,13.66222785,Thailand,Taiwan ,TH,Thailand,TH,ASIA (EX. NEAR EAST)         ,64631595,514000,125.7,0.63,0,20.48,7400,92.6,108.9,13.87,7.04
New Zealand ,170.6903554,-43.82765433,New Zealand,New Zealand ,NZ,New Zealand,NZ,OCEANIA                            ,4076140,268680,15.2,5.63,4.05,5.85,21600,99,441.7,13.76,7.53
Martinique ,-61.01432381,14.64269735,Martinique,Martinique ,MQ,France,FR,LATIN AMER. & CARIB    ,436131,1100,396.5,31.82,-0.05,7.09,14400,97.7,394.4,13.74,6.48
Iceland ,-19.05682967,65.1236092,Iceland,Iceland ,IS,Iceland,IS,WESTERN EUROPE                     ,299388,103000,2.9,4.83,2.38,3.31,30900,99.9,647.7,13.64,6.72
St Pierre & Miquelon ,-56.32465353,46.95153914,Saint Pierre and Miquelon,Saint Pierre and Miquelon,PM,France,FR,NORTHERN AMERICA                   ,7026,242,29,49.59,-4.86,7.54,6900,99,683.2,13.52,6.83
China ,104.6911386,38.07325481,China,China ,CN,China,CN,ASIA (EX. NEAR EAST)         ,1313973713,9596960,136.9,0.15,-0.4,24.18,5000,90.9,266.7,13.25,6.97
Trinidad & Tobago ,-61.3723658,10.41551564,Trinidad and Tobago,Trinidad and Tobago,TT,Trinidad and Tobago,TT,LATIN AMER. & CARIB    ,1065842,5128,207.9,7.06,-10.83,24.31,9500,98.6,303.5,12.9,10.57
Puerto Rico ,-66.4942534,18.21622409,Puerto Rico,Puerto Rico ,PR,United States,US,LATIN AMER. & CARIB    ,3927188,13790,284.8,3.63,-1.46,8.24,16800,94.1,283.1,12.77,7.65
Cayman Islands ,-81.25203209,19.31123181,Cayman Islands,Cayman Islands ,KY,United Kingdom,GB,LATIN AMER. & CARIB    ,45436,262,173.4,61.07,18.75,8.19,35000,98,836.3,12.74,4.89
Barbados ,-59.55738395,13.18321937,Barbados,Barbados ,BB,Barbados,BB,LATIN AMER. & CARIB    ,279912,431,649.5,22.51,-0.31,12.5,15700,97.4,481.9,12.71,8.67
Taiwan ,23.69781,120.960515,Taiwan,Taiwan ,TW,Taiwan,TW,ASIA (EX. NEAR EAST)         ,23036087,35980,640.3,4.35,0,6.4,23400,96.1,591,12.56,6.48
Cyprus ,33.37534601,35.11700416,Cyprus,Cyprus,CY,Cyprus,CY,NEAR EAST                          ,784301,9250,84.8,7.01,0.43,7.18,19200,97.6,,12.56,7.68
Australia ,134.0227717,-25.69733767,Australia,Australia ,AU,Australia,AU,OCEANIA                            ,20264082,7686850,2.6,0.34,3.98,4.69,29000,100,565.5,12.14,7.51
Saint Helena ,-5.717391621,-15.96296332,Saint Helena,Saint Helena ,SH,United Kingdom,GB,SUB-SAHARAN AFRICA                 ,7502,413,18.2,14.53,0,19,2500,97,293.3,12.13,6.53
Armenia ,45.05490832,40.17841274,Armenia,Armenia ,AM,Armenia,AM,C.W. OF IND. STATES ,2976372,29800,99.9,0,-6.47,23.28,3500,98.6,195.7,12.07,8.23
Macedonia ,21.70998924,41.5940289,North Macedonia,Macedonia ,MK,North Macedonia,MK,EASTERN EUROPE                     ,2050554,25333,80.9,0,-1.45,10.09,6700,97.8,260,12.02,8.77
France ,2.194023663,46.64236822,France,France ,FR,France,FR,WESTERN EUROPE                     ,60876136,547030,111.3,0.63,0.66,4.26,27600,99,586.4,11.99,9.14
Luxembourg ,6.103230338,49.77523455,Luxembourg,Luxembourg ,LU,Luxembourg,LU,WESTERN EUROPE                     ,474413,2586,183.5,0,8.97,4.81,55100,100,515.4,11.94,8.41
Cuba ,-79.69817858,21.47617652,Cuba,Cuba ,CU,Cuba,CU,LATIN AMER. & CARIB    ,11382820,110860,102.7,3.37,-1.58,6.33,2900,97,74.7,11.89,7.22
Norway ,16.67025927,64.97775883,Norway,Norway ,NO,Norway,NO,WESTERN EUROPE                     ,4610820,323802,14.2,7.77,1.74,3.7,37800,100,461.7,11.46,9.4
Bermuda ,-64.74585006,32.31506743,Bermuda,Bermuda ,BM,United Kingdom,GB,NORTHERN AMERICA                   ,65773,53,1241,194.34,2.49,8.53,36000,98,851.4,11.4,7.74
Belarus ,27.96425205,53.46791375,Belarus,Belarus ,BY,Belarus,BY,C.W. OF IND. STATES ,10293011,207600,49.6,0,2.54,13.37,6100,99.6,319.1,11.16,14.02
Denmark ,9.378670542,56.00118818,Denmark,Denmark ,DK,Denmark,DK,WESTERN EUROPE                     ,5450661,43094,126.5,16.97,2.48,4.56,31100,100,614.6,11.13,10.36
Isle of Man ,-4.532995055,54.22855301,Isle of Man,Isle of Man,IM,United Kingdom,GB,WESTERN EUROPE                     ,75441,572,131.9,27.97,5.36,5.93,21000,,676,11.05,11.19
Aruba ,-69.97564014,12.51562572,Aruba,Aruba ,AW,Aruba,AW,LATIN AMER. & CARIB    ,71891,193,372.5,35.49,0,5.89,28000,97,516.1,11.03,6.68
Netherlands ,5.554136426,52.13405413,Netherlands,Netherlands ,NL,Netherlands,NL,WESTERN EUROPE                     ,16491461,41526,397.1,1.09,2.91,5.04,28600,99,460.8,10.9,8.68
Canada ,-98.41680518,57.55048004,Canada,Canada ,CA,Canada,CA,NORTHERN AMERICA                   ,33098932,9984670,3.3,2.02,5.96,4.75,29800,97,552.2,10.78,7.8
Gibraltar ,-5.345549485,36.14022671,Gibraltar,Gibraltar ,GI,United Kingdom,GB,WESTERN EUROPE                     ,27928,7,3989.7,171.43,0,5.13,17500,,877.7,10.74,9.31
Portugal ,-7.933662184,39.67529215,Portugal,Portugal ,PT,Portugal,PT,WESTERN EUROPE                     ,10605870,92391,114.8,1.94,3.57,5.05,18000,93.3,399.2,10.72,10.5
United Kingdom ,-2.852943909,53.97844735,United Kingdom,England,GB,United Kingdom,GB,WESTERN EUROPE                     ,60609153,244820,247.6,5.08,2.19,5.16,27700,99,543.5,10.71,10.13
Romania ,25.0941582,45.82454894,Romania,Romania ,RO,Romania,RO,EASTERN EUROPE                     ,22303552,237500,93.9,0.09,-0.13,26.43,7000,98.4,196.9,10.7,11.77
Slovakia ,19.58101536,48.69808391,Slovakia,Slovakia ,SK,Slovakia,SK,EASTERN EUROPE                     ,5439448,48845,111.4,0,0.3,7.41,13300,99.62,220.1,10.65,9.45
Finland ,25.65738433,65.0157896,Finland,Finland ,FI,Finland,FI,WESTERN EUROPE                     ,5231372,338145,15.5,0.37,0.95,3.57,27400,100,405.3,10.45,9.86
Georgia ,43.37886653,42.17986278,Georgia,Georgia ,GE,Georgia,GE,C.W. OF IND. STATES ,4661473,69700,66.9,0.44,-4.7,18.59,2500,99,146.6,10.41,9.23
Belgium ,4.675010155,50.61821389,Belgium,Belgium ,BE,Belgium,BE,WESTERN EUROPE                     ,10379067,30528,340,0.22,1.23,4.68,29100,98,462.6,10.38,10.27
Sweden ,17.06243199,62.73420986,Sweden,Sweden ,SE,Sweden,SE,WESTERN EUROPE                     ,9016596,449964,20,0.72,1.67,2.77,26800,99,715,10.27,10.31
Malta ,14.44192244,35.89052265,Malta,Malta ,MT,Malta,MT,WESTERN EUROPE                     ,400214,316,1266.5,62.28,2.07,3.89,17700,92.8,505,10.22,8.1
Liechtenstein ,9.547674672,47.14627562,Liechtenstein,Liechtenstein ,LI,Liechtenstein,LI,WESTERN EUROPE                     ,33987,160,212.4,0,4.85,4.7,25000,100,585.5,10.21,7.18
Spain ,-3.651625141,40.36500834,Spain,Spain ,ES,Spain,ES,WESTERN EUROPE                     ,40397842,504782,80,0.98,0.99,4.42,22000,97.9,453.5,10.06,9.72
Estonia ,25.91687025,58.64810831,Estonia,Estonia ,EE,Estonia,EE,BALTICS                            ,1324333,45226,29.3,8.39,-3.16,7.87,12300,99.8,333.8,10.04,13.25
San Marino ,12.46127835,43.94282073,San Marino,San Marino ,SM,San Marino,SM,WESTERN EUROPE                     ,29251,61,479.5,0,10.98,5.73,34600,96,704.3,10.02,8.17
Zambia ,27.75521363,-13.16283295,Zambia,Zambia ,ZM,Zambia,ZM,SUB-SAHARAN AFRICA                 ,11502010,752614,15.3,0,0,88.29,800,80.6,8.2,41,19.93
Cook Islands ,-159.7876887,-21.22261325,Cook Islands,Cook Islands,CK,New Zealand,NZ,OCEANIA                            ,21388,240,89.1,50,-29,11.86,5000,95,289.9,21,8.9
Iran ,54.237077,32.90602374,Iran,Iran ,IR,Iran,IR,ASIA (EX. NEAR EAST)         ,68688433,1648000,41.7,0.15,-0.84,41.58,7000,79.4,276.4,17,5.55
Kazakhstan ,66.37591935,47.6414652,Kazakhstan,Kazakhstan ,KZ,Kazakhstan,KZ,C.W. OF IND. STATES ,15233244,2717300,5.6,0,-3.35,29.21,6300,98.4,164.1,16,9.42
"Korea, South ",127.7622455,36.40238671,South Korea,South Korea,KR,South Korea,KR,ASIA (EX. NEAR EAST)         ,48846823,98480,496,2.45,0,7.05,17800,97.9,486.1,10,5.85
Serbia ,20.85677444,44.0267987,Serbia,Republic of Serbia,RS,Serbia,RS,EASTERN EUROPE                     ,9396411,88361,106.3,0,-1.33,12.89,2200,93,285.8,8.77,13.47
Wallis and Futuna ,-178.1273556,-14.28344231,Wallis and Futuna,Wallis and Futuna,WF,France,FR,OCEANIA                            ,16025,274,58.5,47.08,-4.29,4.16,3700,50,118.6,12.7,5.74
